Age,Gender,Origin,HighSchool_Grade,Admission_Test,Semester1_Grade,Socioeconomic_Level,Scholarship,Loan,Financial_Aid,Dropout
22.0,Female,Regional,3.3725113912895726,80.76409227765777,2.3004884373935623,Low,0.0,0.0,0.0,Yes
19.0,Female,Local,4.251996494291344,68.4586368007854,2.646657555140248,Low,0.0,1.0,0.0,
28.0,,National,2.174515095803494,,3.588434018553187,High,0.0,0.0,0.0,No
26.0,Male,Local,4.045753425961231,,3.3827134977409656,Low,0.0,0.0,0.0,Yes
23.0,Female,Local,4.123042596248815,71.38392884680148,2.832747530581214,Medium,0.0,0.0,1.0,No
28.0,Female,Regional,2.4633048837959253,64.21787135954064,2.7432229117297187,High,0.0,0.0,0.0,No
20.0,Female,Local,3.3286562029598254,61.56301655927814,2.7257692956693247,Medium,0.0,0.0,0.0,No
22.0,Male,Local,3.3142795670021044,59.06110308150716,2.3543128708510483,Low,1.0,1.0,0.0,Yes
25.0,Female,Regional,2.7962441526410893,48.690531166999854,4.130762982628609,Low,0.0,0.0,0.0,Yes
18.0,Male,National,,55.78987384699839,2.774375671552062,Low,0.0,1.0,1.0,No
22.0,Female,National,2.9447120772670856,344.0,3.8520109645778478,Medium,0.0,0.0,0.0,Yes
26.0,Male,Regional,4.376135221711811,58.52490559807875,4.064921236345716,Medium,0.0,0.0,0.0,No
26.0,Male,Regional,3.9678391965737307,45.17113339273624,,Low,1.0,0.0,0.0,Yes
23.0,Female,Regional,4.13577754749708,43.44616024176344,2.697865781097366,High,0.0,0.0,0.0,Yes
20.0,Male,Regional,3.8608360320216177,62.698412267302174,3.2826110632356267,Medium,0.0,0.0,0.0,No
19.0,Female,Regional,2.9354741143913854,80.880034295169,2.9830630755263585,Low,,0.0,0.0,No
23.0,Female,National,3.237739866860113,73.7747490900347,,Medium,0.0,0.0,1.0,No
23.0,Female,National,3.744687280613959,36.442490945652345,3.227051497205122,Medium,0.0,0.0,1.0,Yes
18.0,Male,Regional,2.888936095554027,45.15557795144494,2.174672146188138,Low,0.0,0.0,0.0,Yes
21.0,Male,Local,3.856499215086194,74.11156781982324,3.8313755719230946,Low,,1.0,1.0,Yes
20.0,Female,Regional,3.3798373009209324,45.26268909692536,2.6747678918911246,High,1.0,0.0,0.0,
17.0,Female,Local,3.312589596225201,56.63050275004463,3.1408117591109876,Medium,0.0,1.0,0.0,No
23.0,Male,,3.8554799841017457,68.25078148536828,3.1983015100822993,Medium,1.0,1.0,0.0,
27.0,Female,Regional,3.72213165574302,45.47483317704547,2.8187665184071458,Medium,1.0,1.0,0.0,Yes
29.0,Female,National,3.31951691709046,61.580632592189396,3.410685661032692,Low,1.0,1.0,0.0,Yes
21.0,Female,Local,4.079664901682124,39.989617576226934,2.667567440364233,Low,0.0,,0.0,No
17.0,Male,Local,2.959468336200051,50.9794853407318,3.609908108220071,Medium,0.0,1.0,0.0,No
,Male,National,3.807967803472132,64.79672901213806,2.0578142238272763,Low,1.0,1.0,0.0,Yes
20.0,Male,National,3.7965506289841917,36.105093997024966,3.0884657056824882,Low,0.0,0.0,0.0,Yes
16.0,Female,National,3.3452267803430047,66.60712106940599,4.3572502993408,High,0.0,0.0,0.0,No
27.0,,National,3.663066511121059,59.70543301609978,2.299768072776098,High,1.0,0.0,0.0,No
25.0,Female,Local,2.8744432118073484,68.28734931625722,2.525578520632604,Medium,1.0,1.0,0.0,No
,Male,Local,3.9620135096034503,63.358712010969924,3.3597354947612406,High,0.0,1.0,0.0,No
28.0,Female,,3.4075489317785053,80.46210644960766,3.1257072473577185,Low,,,0.0,No
27.0,Female,Regional,3.23863848974048,61.87836753971861,3.2454410694914912,,0.0,0.0,1.0,No
24.0,Female,National,4.024504612918444,53.558916883121206,3.3424309911033645,Low,1.0,0.0,0.0,No
16.0,Female,National,3.14782815472862,61.83446254548426,3.444305027993239,High,1.0,0.0,,Yes
26.0,Male,National,2.7957693518182203,68.14947043554582,3.7767898893693563,High,0.0,1.0,1.0,No
,Male,Regional,2.721685413238048,60.732901054885566,3.2868730598499587,Medium,0.0,0.0,0.0,No
25.0,Female,Regional,3.80300497567282,60.608875368058236,2.83111964176702,High,,0.0,0.0,No
27.0,Male,Regional,2.8597853237518587,49.47012468289867,3.470801590841912,Medium,,0.0,0.0,Yes
27.0,Male,Regional,4.377397090992182,50.05648623673578,4.329917354426651,Low,0.0,1.0,1.0,Yes
29.0,Female,Regional,2.459035296058139,38.96092092300459,2.9071563775321985,Medium,1.0,0.0,0.0,No
29.0,Female,Regional,4.348228184145019,86.24365114780409,2.317829486730551,Medium,0.0,1.0,,Yes
29.0,Male,Regional,3.6055087336013094,41.34205146913072,3.774956468500881,Low,0.0,0.0,0.0,Yes
18.0,,National,3.451643444064804,49.60642203306139,2.9157331852324813,Medium,0.0,0.0,,Yes
27.0,Male,National,3.2275404565955252,49.22389101646204,1.4791313177901748,High,0.0,0.0,0.0,Yes
22.0,Female,National,3.6995680571760357,73.42386565416662,3.593195174005295,Low,1.0,0.0,0.0,No
19.0,Male,National,3.4811826487875757,55.57575482561958,2.625270269832254,Medium,0.0,0.0,0.0,No
24.0,Female,Regional,4.051650941008261,78.716131090106,2.9366267023870876,High,1.0,1.0,1.0,Yes
18.0,Male,Local,3.5571138243310196,,3.2323862313983103,High,0.0,1.0,0.0,Yes
20.0,Male,Regional,3.5751508807309387,64.18491243335703,3.1333497758453466,High,0.0,1.0,0.0,No
18.0,,Local,3.318193893893072,47.46979420110364,3.4966162719973277,Medium,0.0,0.0,1.0,No
22.0,Female,National,3.4715271881394663,92.17723691660083,2.6951595406011095,High,0.0,1.0,0.0,Yes
20.0,Male,Regional,3.6539008844460295,42.18602371455731,3.3591740587232577,Medium,0.0,0.0,0.0,Yes
24.0,Male,National,2.644915803671687,64.64731065340541,2.818317325691258,Low,0.0,0.0,0.0,No
22.0,Female,Regional,2.8259072889471435,69.50665321398148,3.517167336621252,Medium,0.0,0.0,1.0,Yes
17.0,Female,National,3.8716320470113574,66.20698646177247,3.430757238809137,Medium,0.0,0.0,0.0,No
19.0,Male,Local,3.585432719063971,57.220685116834375,2.3451929085687833,Low,1.0,1.0,0.0,Yes
24.0,,,3.4080083318236603,58.05268950399861,3.7601874813225225,,0.0,0.0,1.0,No
27.0,Female,Local,3.5092169665326964,60.657172079686646,2.6248255884201663,Medium,1.0,0.0,0.0,No
29.0,Female,Regional,3.6737908526808356,57.79496997557267,3.5656404587968016,Low,0.0,1.0,1.0,Yes
17.0,Female,Local,3.230120159845319,74.45818675192365,3.2571011193809385,Medium,0.0,0.0,1.0,Yes
25.0,Female,Regional,3.1108476372988436,93.15784502387027,4.2867285737565854,Medium,0.0,0.0,0.0,Yes
24.0,Female,Local,3.597922627548841,51.637623224882496,2.8435738123397036,Medium,0.0,0.0,0.0,Yes
25.0,Male,Local,3.010813611192484,39.45295530631383,2.755478242717262,Low,0.0,1.0,0.0,
20.0,Female,Regional,3.7041263778572358,58.67576927473118,2.986406275878587,Low,1.0,1.0,0.0,No
17.0,Male,Regional,2.6487081978810796,,2.787774152016007,Low,1.0,0.0,0.0,Yes
19.0,Male,Local,4.014577818662822,47.944881480454036,3.559959331359435,High,0.0,0.0,0.0,No
27.0,Male,Regional,3.7362987412065216,344.0,1.8685825740943884,,0.0,0.0,1.0,Yes
27.0,Female,Local,3.6280148671569377,85.1655122111466,2.262422306597552,Medium,1.0,1.0,0.0,No
22.0,Male,Regional,3.991345491972757,51.69617637438008,2.252537954894565,Low,0.0,0.0,0.0,Yes
27.0,Male,National,4.332737222231288,68.53474618777913,-5.956470854213146,Low,1.0,0.0,1.0,No
28.0,Female,National,4.007185032509065,84.42594934692806,4.197429360807348,High,1.0,0.0,1.0,No
23.0,Male,National,2.5795628843341776,54.313083885187694,-5.956470854213146,Medium,1.0,0.0,0.0,
18.0,Male,National,2.860211516632149,56.946294598464576,2.8818247937669925,Low,0.0,0.0,1.0,No
29.0,Female,National,3.1875907111521604,51.274786290770344,3.049036514179227,Medium,,1.0,0.0,No
16.0,Male,Local,3.513045525105417,44.778649039607,3.8133148118257334,Low,0.0,0.0,1.0,Yes
19.0,,National,3.7588295102345617,50.26083682400989,2.350852806066598,Medium,0.0,0.0,0.0,Yes
17.0,Male,National,3.137128093423267,41.64089599856615,3.1668582879143496,Medium,1.0,1.0,0.0,No
23.0,Female,National,3.5933833822385393,60.51125202388839,3.682638340847701,Low,0.0,1.0,0.0,Yes
19.0,Female,National,3.1223085338233387,,3.3507659189578916,Low,0.0,0.0,0.0,No
17.0,Female,Regional,3.1942410985040257,63.50678867686121,3.1327071316191204,Low,1.0,0.0,0.0,Yes
29.0,Male,Local,2.7966694515758888,36.66156530694559,3.700732264796999,High,1.0,0.0,0.0,No
21.0,Male,National,3.038383376944548,64.96320348321686,1.107737394900534,High,1.0,1.0,0.0,Yes
21.0,Female,National,,72.50293442413387,3.4745127236716353,Low,1.0,0.0,1.0,No
25.0,Male,National,3.012063373511334,30.093965361428168,2.5421470218108033,Medium,0.0,1.0,0.0,No
19.0,Male,Local,4.02682089830392,65.61084854771359,1.7185569722004803,Low,0.0,1.0,0.0,Yes
21.0,Female,Regional,3.0253005555840287,78.41503488709938,3.3578418196674864,Low,1.0,0.0,,No
28.0,Female,Local,4.816191032418695,41.855384719631914,3.9615609816140704,Medium,0.0,0.0,0.0,Yes
,Male,Regional,3.7466589504404446,85.08858580256555,2.903786039760616,High,0.0,0.0,1.0,No
25.0,Male,National,3.592418061847437,66.28528514049067,3.6670121830420572,High,0.0,0.0,1.0,Yes
,Male,National,3.070821109909393,49.424822163623865,4.128594780592052,Medium,0.0,0.0,0.0,No
17.0,,Local,3.850154939704496,59.16346383513441,3.920440117508833,Low,1.0,1.0,0.0,No
,Female,Local,3.212181086881113,68.37490368782584,4.147975170559975,Medium,0.0,1.0,0.0,Yes
29.0,Female,Regional,3.5610049073226806,61.14008087118617,3.5194892437503245,Low,0.0,0.0,0.0,Yes
19.0,Female,Regional,4.780042269134397,68.08133988669553,3.052803547231115,Medium,0.0,1.0,1.0,
29.0,Male,Local,3.451970050137675,46.1898961038095,1.8786239316719822,Low,,0.0,0.0,Yes
23.0,Female,Regional,4.074636663142838,62.54041236054117,2.827756258309036,Medium,0.0,0.0,,No
29.0,Female,Local,3.1484117874370563,38.79428254642529,2.409727383278666,Low,0.0,0.0,0.0,Yes
22.0,Female,Regional,3.4825057547515192,58.33160907976949,4.51965990224847,Low,1.0,,0.0,
27.0,Female,Local,4.385400317817755,46.44138537802815,2.8768799312973643,High,0.0,,1.0,No
24.0,Female,Local,3.1865164711061165,48.9670508611535,3.08624336474914,Low,0.0,1.0,0.0,Yes
29.0,Male,,4.406224278998464,78.54139762815656,3.3860397632283274,Medium,0.0,0.0,0.0,No
23.0,Male,Regional,3.853875967727738,76.36965180891403,3.0305217124607178,Low,0.0,0.0,0.0,Yes
20.0,Female,Regional,3.218766612052866,69.13707181360766,4.186535728301527,Low,0.0,0.0,0.0,Yes
28.0,Male,Regional,3.8162038695277607,43.61530852991132,2.5641454467858837,Low,1.0,0.0,0.0,Yes
17.0,Female,Local,,55.25387325457797,3.1362252186660697,Low,0.0,,0.0,Yes
20.0,Female,Regional,3.810904981108598,78.19646549968775,2.4802705900113664,High,1.0,1.0,0.0,Yes
23.0,Male,Regional,2.714887640054772,62.12575370459857,2.075984242145506,Low,0.0,1.0,0.0,Yes
25.0,Male,Local,3.136431412087566,94.7899430997254,2.5717616363663,High,0.0,0.0,0.0,No
24.0,Female,National,3.3762406822242474,65.89976759091557,,Medium,0.0,0.0,0.0,Yes
27.0,Female,,3.462783285449977,62.880736747350475,2.699488442837918,Medium,1.0,0.0,0.0,No
27.0,Female,Regional,3.810336048775339,55.363253036962476,2.515305314088301,Medium,0.0,0.0,0.0,No
27.0,Male,Local,3.588850500466627,62.00311357173423,2.0155777754297164,Medium,0.0,0.0,0.0,No
28.0,Female,National,2.8323278206449496,57.712952454291845,2.941826099159914,Medium,0.0,1.0,0.0,Yes
24.0,Female,Local,3.6900989255029817,,,Low,0.0,1.0,,Yes
28.0,Female,Regional,3.8052928726419117,74.35053475191876,3.5320391745827218,Low,0.0,0.0,0.0,No
28.0,Male,National,3.7798952239655197,48.21015809238076,3.0577078270541524,High,0.0,0.0,0.0,No
16.0,Female,Regional,4.040390362777311,40.03150569663333,1.9797139503745487,High,0.0,0.0,0.0,Yes
24.0,Female,National,3.916961077274452,32.456919403450556,2.7835536460650956,,0.0,0.0,0.0,No
22.0,Male,National,3.7295900396142185,67.61986990368815,2.473490516086592,Medium,0.0,1.0,0.0,Yes
24.0,Female,Local,3.4649171442706765,43.449500907391894,3.2234221572934265,Medium,1.0,0.0,0.0,No
23.0,Female,Local,,27.706641105712755,3.938315312216201,Medium,1.0,0.0,0.0,
16.0,Male,Regional,3.7148091095662927,,1.687379271247979,Medium,1.0,0.0,0.0,Yes
27.0,Female,Local,3.6038438435815556,97.39499276149186,3.080518255403192,Low,0.0,1.0,1.0,Yes
23.0,Male,Local,3.6357894185976867,59.9089363269016,2.887907043103352,,0.0,0.0,0.0,
23.0,Male,National,2.8616257120898454,72.57736161677462,3.469938053515326,Low,0.0,0.0,0.0,Yes
26.0,Female,Local,2.959471729795869,61.22744037821347,3.1492376397663824,Low,0.0,,0.0,No
18.0,Female,National,4.026576426666452,58.51665520213286,2.4736214677828268,High,,1.0,0.0,Yes
16.0,Female,National,3.4802224230716723,73.78614724481653,-5.956470854213146,Low,0.0,1.0,0.0,
23.0,Female,,,55.64588183717023,,Low,0.0,0.0,0.0,Yes
18.0,Male,Regional,3.5141591880652308,64.01088471107855,3.7532049970190187,Low,0.0,1.0,1.0,No
18.0,Female,Regional,3.5148780697478728,,3.0149181540703593,High,1.0,1.0,0.0,No
16.0,Male,Regional,3.9691419029879986,49.978643195354266,4.330833480027105,Medium,0.0,1.0,1.0,No
26.0,Female,National,3.2419776358913133,74.88063524304785,,Medium,0.0,1.0,0.0,Yes
20.0,Female,Regional,3.5480603884704918,57.37560364956887,2.504115263162676,High,0.0,1.0,0.0,No
25.0,Female,Regional,3.268862355647479,48.66382260760733,1.9403999251710211,High,0.0,0.0,0.0,
22.0,Male,Local,3.282751886283842,68.04764765355606,1.7378022266208386,Low,0.0,1.0,0.0,Yes
25.0,Female,Regional,3.3454139382656805,46.52298027313444,1.8911048398961572,Medium,1.0,0.0,0.0,Yes
24.0,Female,Regional,3.6110668858168564,60.42271736053692,3.1869886557080385,Medium,1.0,1.0,0.0,Yes
27.0,Female,National,3.2606256891682612,59.86321505033695,3.3561075162609537,Medium,0.0,0.0,0.0,Yes
22.0,Female,National,4.127878062786761,76.28843348747367,1.8931665085775067,Low,1.0,1.0,1.0,Yes
24.0,Male,National,3.052696348890248,,3.6265268198532805,High,1.0,1.0,1.0,No
23.0,Female,National,3.4065641779193205,59.624595618822845,2.6618572638215925,Medium,1.0,0.0,0.0,Yes
27.0,Male,National,3.2801344708629125,72.26649448800431,3.1027551083898848,Low,1.0,1.0,0.0,No
17.0,Male,National,4.223488942176866,80.8531132352597,4.128554439778797,Medium,0.0,0.0,0.0,Yes
16.0,Male,Regional,,,3.6277875211058723,Low,0.0,1.0,0.0,Yes
22.0,Male,National,4.015922269734317,60.15528929765071,2.8120285464659176,Low,0.0,0.0,0.0,No
22.0,Male,National,2.7572198134815142,40.32245651474761,2.376165442209299,Medium,0.0,0.0,0.0,Yes
29.0,Male,Local,3.633525132934629,44.02329505386941,1.4937292190694866,Low,1.0,1.0,0.0,Yes
23.0,Female,Regional,3.9448153978117184,55.421629434679986,2.496592676530306,Medium,,0.0,0.0,Yes
20.0,Male,Regional,3.5411419946377123,50.85731696761076,2.852208832820614,Medium,,1.0,1.0,Yes
18.0,Male,Regional,4.032740187532676,,2.3089743309941713,Low,1.0,0.0,0.0,Yes
27.0,,National,3.241355774949814,60.849748873456605,2.9081201230353866,High,1.0,,1.0,
23.0,Female,National,4.20467372009279,67.94539131535096,3.0537963180711376,Low,1.0,0.0,,No
21.0,,National,4.649449061809625,58.94251832911363,2.842600812734345,Low,0.0,0.0,0.0,Yes
26.0,Male,,3.3185807197801704,67.29752465739303,2.544998193423578,Low,0.0,0.0,0.0,No
18.0,Female,National,3.277248739299614,,3.1180582703767095,Low,0.0,0.0,0.0,Yes
16.0,Male,,4.226692238558851,,3.3093584546985864,Low,0.0,0.0,0.0,Yes
18.0,Male,Regional,4.289786072865356,45.90996909271868,2.2367206457900077,Medium,0.0,0.0,0.0,Yes
20.0,Female,National,3.2385699864233657,57.83868666417577,3.987652665822389,High,,1.0,0.0,Yes
29.0,Male,Local,3.2899065914520715,41.85457885738339,2.930988307401017,Low,1.0,1.0,0.0,No
,Female,Local,,68.99893094994307,3.0131947360613935,,0.0,0.0,0.0,No
16.0,Female,National,2.8277747444828614,82.96126248515546,3.4957500962795898,Medium,0.0,1.0,0.0,No
20.0,Male,Regional,3.040674026757901,78.28142777545975,3.163251291884451,High,0.0,0.0,0.0,Yes
25.0,Male,Regional,2.997929616623966,,3.6671956437392716,Medium,0.0,1.0,0.0,No
22.0,Female,Regional,3.1161012174479357,82.36089205274928,3.200986915641277,Low,0.0,1.0,0.0,Yes
29.0,Male,Local,3.4826575563066093,62.23001185803167,2.5712938377516936,Low,1.0,1.0,0.0,No
22.0,Male,Local,3.6171073662682605,54.94371043322941,3.253052467644271,Medium,0.0,0.0,1.0,No
26.0,Male,Local,4.2752502464070385,50.7989600468859,2.199391654875537,High,,1.0,0.0,Yes
,Female,Local,3.0008229796306045,55.462954702678076,3.075991794043566,Low,0.0,0.0,0.0,Yes
25.0,Female,Regional,3.992161199238292,54.17734772188157,2.9767390065488772,,1.0,1.0,0.0,Yes
25.0,Male,National,3.3930055778872457,62.55624333563232,,High,0.0,0.0,0.0,Yes
27.0,Female,Local,3.4752681451737835,62.40860971574797,2.9100237419927484,High,0.0,,0.0,Yes
28.0,Female,Local,3.837409746083302,60.04569030230122,1.6827056681516528,High,0.0,1.0,0.0,No
18.0,Female,Regional,2.938638989218851,66.55407254619524,2.615892564581327,Medium,1.0,1.0,0.0,Yes
,Female,National,3.6912048730920253,77.85969412179512,3.0649914307987802,Low,0.0,0.0,0.0,Yes
16.0,Female,National,3.583226104106528,74.24331203161985,3.11189947439818,Medium,0.0,1.0,0.0,No
19.0,Male,Regional,3.7462256320040748,37.726530473251444,2.2806274013518295,Medium,1.0,0.0,0.0,Yes
28.0,Male,Regional,3.644584321953909,21.691182976470678,3.8859954886052903,Low,1.0,1.0,0.0,No
19.0,Male,National,4.727650069955447,74.01479866858911,2.3936776062498497,Medium,0.0,0.0,1.0,Yes
29.0,Female,,3.181130007874342,39.49681952376868,3.678620040368716,Medium,1.0,0.0,0.0,Yes
20.0,Female,National,3.234501522499091,56.62851897160975,3.2990360533101795,Low,0.0,0.0,0.0,No
22.0,Male,Regional,3.1884297367876178,42.448304609109606,2.547640883109338,,0.0,,0.0,Yes
22.0,Female,Local,3.2222614404198726,32.970293436299706,4.242717624826659,Medium,0.0,,0.0,No
28.0,Male,Local,3.181306436346741,68.12194092307182,2.164454217770464,High,1.0,0.0,1.0,Yes
,Male,Regional,4.094508265553776,71.3873274045397,3.643407921527001,Low,1.0,0.0,0.0,Yes
28.0,Male,Regional,4.210252123994928,51.35234398909921,3.7004076226300846,Low,0.0,1.0,1.0,No
19.0,Female,,3.214626853125262,21.134365617826354,2.5305658536463485,Medium,0.0,1.0,1.0,No
28.0,Female,National,,51.806333276212754,3.97472571004503,Low,0.0,0.0,0.0,No
22.0,Male,National,3.735707778193202,65.8770600810382,2.824967439780733,,1.0,0.0,0.0,No
26.0,Male,Local,3.2238884778595143,37.81632646838807,3.2020855404959,Medium,1.0,0.0,0.0,
18.0,Male,Regional,3.8164659088777553,62.750398796687335,3.1822252871398544,Low,0.0,0.0,1.0,Yes
21.0,Male,Local,3.6014615104256498,59.77035226240507,2.9059838809706164,Medium,1.0,1.0,0.0,No
27.0,Female,Local,2.742127942501384,68.68937249401633,3.5675657912118472,Medium,1.0,1.0,0.0,Yes
17.0,Female,Local,4.273752600665031,61.7937055262123,3.555442104386549,Low,0.0,0.0,0.0,Yes
25.0,Male,Local,4.397938836547761,45.40396588677667,1.7760276187332735,High,0.0,0.0,0.0,Yes
28.0,Male,Regional,3.193605654757807,77.94857252496737,3.9130381700147066,High,0.0,0.0,0.0,No
29.0,Female,Local,,57.62205640459545,1.836255608375028,Medium,0.0,1.0,0.0,Yes
24.0,Female,Regional,3.6429326953624526,59.590431907351025,3.7227823430391602,Medium,0.0,1.0,1.0,
,,Regional,3.6672283949935123,344.0,3.7886935957793084,Medium,0.0,0.0,1.0,No
21.0,Male,National,3.829272136336415,53.35076623212734,2.2363234988493614,High,1.0,0.0,1.0,Yes
27.0,Male,Regional,4.505102269383174,46.727959289596484,2.712429998431791,Medium,0.0,1.0,0.0,No
27.0,Female,National,3.411526386252975,57.405809101148655,2.226006732059845,Medium,0.0,1.0,0.0,Yes
27.0,Female,Regional,3.1008513777307734,85.67562720213516,2.8495552787978853,High,0.0,0.0,0.0,No
27.0,Female,Regional,2.8103403859927365,39.421482856029655,2.784376001069981,Low,0.0,0.0,0.0,Yes
19.0,Male,Regional,3.1345349800290405,35.79657903184888,,High,0.0,0.0,0.0,No
29.0,,National,3.4834365135631016,82.06755491240412,3.9172161222837256,Low,0.0,0.0,0.0,Yes
29.0,Female,National,4.397278931758894,56.86014484272201,,Low,0.0,0.0,0.0,No
26.0,Female,Local,3.2411943504819143,49.963908920101254,2.6064823813951885,Low,0.0,0.0,1.0,No
25.0,,,3.611893975819449,75.59857031094114,2.8535446883788307,High,0.0,0.0,0.0,Yes
22.0,Female,National,3.491788551963624,50.91576690394704,1.8215932654453348,High,0.0,0.0,0.0,No
27.0,Female,National,4.094196636724042,87.39014570320404,2.435890953452668,Medium,1.0,1.0,0.0,No
24.0,Male,National,4.763466212936811,70.16888807008904,,Medium,0.0,0.0,0.0,No
22.0,Female,Local,3.2345656135398397,52.68132887781446,4.130907976483762,Medium,0.0,0.0,0.0,Yes
29.0,Male,National,3.255280278740889,92.35962319898255,2.1359557896840546,High,1.0,0.0,1.0,Yes
16.0,Male,Regional,4.022080438534536,50.914276154949924,2.585275018592974,Medium,0.0,0.0,1.0,No
16.0,Male,Regional,3.8409457448131556,344.0,2.981515970128751,Low,0.0,1.0,1.0,No
24.0,Male,National,4.423353662868017,64.48938870609737,3.196112811173725,Low,1.0,0.0,1.0,Yes
26.0,Male,National,3.791964092662982,79.52611934098198,2.433277536054848,Medium,0.0,0.0,0.0,Yes
29.0,Male,Regional,3.32035395460647,83.42266795090279,3.2968427311248627,Medium,0.0,1.0,0.0,Yes
24.0,Male,Regional,3.7953274153461547,60.4800622359865,2.6683124570503587,Low,1.0,0.0,0.0,Yes
19.0,Female,Local,4.054351790291454,48.69873194480725,2.9898834103852048,Low,1.0,1.0,0.0,No
28.0,Male,Regional,3.910241090598682,66.89958214408675,3.38239897360259,High,1.0,0.0,0.0,Yes
24.0,Male,Regional,3.753637015553649,49.834269453718406,3.0044955888676563,Low,0.0,0.0,0.0,Yes
18.0,Female,National,4.033337344794577,90.20080871289935,2.694529876631402,Medium,0.0,0.0,0.0,No
22.0,Female,Regional,,62.04802996624106,2.9232731372519183,High,0.0,0.0,0.0,Yes
21.0,Female,Local,4.191079495518764,54.52017673031837,2.938145928556265,Medium,0.0,1.0,0.0,No
23.0,Male,Regional,3.8243549437948214,62.77020458797362,2.7409922790825108,Low,0.0,1.0,,Yes
26.0,Female,National,3.416440959841573,39.793105657054554,2.8188427561330283,Medium,0.0,0.0,0.0,Yes
24.0,Male,National,3.5733568432166614,45.42578942234023,4.119053019353302,High,1.0,0.0,0.0,No
29.0,,Regional,4.103254483254179,78.00620861916639,,Medium,,1.0,0.0,No
20.0,Male,National,3.091532164506382,50.14658581542906,2.7931637773795877,High,0.0,1.0,0.0,Yes
16.0,Male,Local,3.6843366544364504,44.296335259770906,3.487868083157515,Low,0.0,0.0,0.0,No
18.0,Female,Local,3.3033305938363196,68.04979128790929,2.7663263571707932,Medium,0.0,0.0,0.0,Yes
25.0,Female,Regional,3.514372411467409,77.78556231994496,3.821187246310649,Medium,0.0,0.0,0.0,No
27.0,Male,Regional,4.139225931303649,70.784299659976,3.2587495345386657,High,0.0,1.0,0.0,No
23.0,Male,Regional,3.5955495340099515,74.94071528708724,2.92488849919704,Low,0.0,,0.0,Yes
26.0,Male,National,3.5232182740780744,48.64807367145809,3.313401848067194,High,0.0,0.0,0.0,Yes
21.0,Female,Local,2.8200719295100405,38.67283999887235,1.9003866935520506,Medium,1.0,1.0,0.0,Yes
23.0,Male,Local,3.8731267830136105,82.5200047793323,2.2112627717631366,Low,1.0,0.0,,Yes
24.0,Male,National,3.8227420905705376,55.15980241736796,,Low,0.0,0.0,0.0,Yes
19.0,Female,Local,4.58162736165273,56.23750475317429,3.1000601663345946,High,0.0,0.0,0.0,No
16.0,Female,Regional,,79.92291212773587,4.212760499639565,Low,1.0,0.0,0.0,No
,Male,Regional,3.6095751638319693,68.3434501410099,4.561910102334842,Low,1.0,0.0,0.0,Yes
16.0,Female,Regional,3.6246918418553777,66.83831658122412,3.44663577100853,Low,0.0,0.0,0.0,
25.0,Female,Local,4.288726639881737,92.47503517351626,,High,1.0,0.0,0.0,No
19.0,Male,Regional,3.452352233806524,50.347226544297854,1.7392595860930828,Medium,0.0,0.0,0.0,No
27.0,Female,National,,73.91760192121856,2.620128340186185,Medium,1.0,,0.0,No
29.0,Male,National,3.8039482548582697,60.855196873456265,2.448551373664233,Low,1.0,1.0,0.0,No
22.0,Female,Local,3.593304561578179,,2.5654066812242187,Medium,0.0,0.0,,No
17.0,Male,,3.2767831927247357,82.92702639618798,2.882299326990647,Medium,1.0,,0.0,No
18.0,Male,,3.5970449964491538,67.61753634434436,2.6695365956120107,High,0.0,0.0,0.0,Yes
16.0,Male,Local,4.036815874929886,68.07444118574449,1.6144901327369487,High,1.0,0.0,0.0,Yes
20.0,Female,Regional,2.98674235029447,76.08761005964703,,Low,0.0,0.0,0.0,Yes
16.0,Male,Regional,,54.52570905685672,2.2490798819821354,Medium,1.0,1.0,0.0,No
23.0,Female,Regional,3.1499395925304134,47.4118549899149,3.1674728048778045,,0.0,0.0,1.0,Yes
16.0,Male,Local,4.097523314462421,44.327862089684494,,Medium,0.0,0.0,0.0,Yes
26.0,Male,National,2.7384065476081125,30.504651159359973,2.3564307858895037,Low,0.0,0.0,0.0,Yes
16.0,Female,,3.2205390763642057,344.0,1.2287987340775692,Low,1.0,1.0,0.0,Yes
17.0,Male,Regional,3.6886059375322606,43.451874514174754,2.799797044683922,,1.0,0.0,0.0,
17.0,Male,Local,4.2827620146171705,56.68119564621342,3.7706717444989994,Medium,1.0,1.0,0.0,No
27.0,Female,Regional,3.467124869463506,55.84780050166619,4.370843217954416,Low,1.0,0.0,0.0,No
21.0,Male,Local,3.222400236653401,64.61110046713651,2.1393152838833083,Medium,0.0,1.0,0.0,Yes
22.0,Male,National,,72.23605818808946,3.3476894562655652,Medium,0.0,,1.0,No
20.0,Male,Local,2.775993049791878,72.90710232539618,-5.956470854213146,Low,0.0,0.0,0.0,Yes
16.0,Male,Local,2.400597021689959,51.25383842146592,2.925836151987105,Medium,0.0,0.0,0.0,No
16.0,,Local,3.720007225026666,57.49317429320383,4.851040342911924,Low,0.0,0.0,1.0,No
18.0,Female,Local,3.2489728878236943,64.2386992573245,1.947920770123393,Medium,0.0,0.0,0.0,Yes
29.0,Male,National,2.9893835914346436,56.2696331072468,3.1776177630462015,Medium,0.0,,1.0,No
17.0,Female,National,3.8541782236496767,84.1101836402999,3.3273852202358034,,0.0,1.0,0.0,No
20.0,Male,Regional,3.6219003568855994,67.36462427457377,-5.956470854213146,Low,0.0,1.0,1.0,Yes
27.0,Female,National,3.217960684631636,71.02316679074727,3.068588207429627,Low,0.0,1.0,0.0,Yes
25.0,Male,National,2.8598478006645527,69.94321903001119,3.2156353776528714,High,1.0,0.0,0.0,No
21.0,Male,Regional,3.9362286641400726,344.0,2.7258460028047464,Medium,1.0,0.0,1.0,No
22.0,Male,National,3.8251005889793306,62.7153233805556,3.188388858871575,Medium,1.0,1.0,0.0,No
19.0,Male,Local,3.4504120681103085,,2.7597654071518125,Medium,0.0,0.0,0.0,Yes
22.0,Male,Local,4.423318498023833,65.99531927628962,3.4351003228992356,,0.0,1.0,0.0,No
26.0,Male,Regional,2.964957616836924,50.22964659312257,2.741272764769456,Medium,1.0,0.0,0.0,No
23.0,Female,,2.7372374145376304,52.07074977375365,3.2639702757315305,Medium,0.0,0.0,0.0,No
26.0,Male,Regional,3.1540459650593777,68.7954602813264,2.9795160304205153,Low,0.0,1.0,,No
16.0,Female,Local,3.4772069918222512,78.57424607150453,3.7882351755405175,Low,0.0,0.0,0.0,Yes
21.0,Male,National,3.621669724661346,60.319073651040924,2.9640243934880597,Low,0.0,1.0,0.0,
23.0,Female,Local,3.379381971071835,64.63249518898445,1.758877272255183,Medium,,1.0,,No
20.0,Female,Regional,3.6760276982571485,85.53322416952857,3.883345050499794,High,0.0,1.0,0.0,No
19.0,Female,National,2.874230287904778,63.61129769232853,2.365987389396167,Low,0.0,1.0,,Yes
17.0,,National,4.221882302036629,99.02524671270592,2.5423635629458263,Medium,0.0,0.0,0.0,Yes
21.0,Male,Local,3.4589244108037156,68.48264468447316,2.5830370941695557,Low,0.0,1.0,0.0,No
21.0,Female,,4.058647915794063,33.58855861266274,-5.956470854213146,High,1.0,0.0,0.0,No
26.0,Male,Local,3.671362673188852,71.30012431656799,1.5050280502149131,Low,0.0,0.0,0.0,Yes
16.0,Female,National,3.728376609576892,65.71737577324167,5.0,Medium,0.0,1.0,0.0,Yes
24.0,Male,Local,3.784883640116102,79.34629131124119,3.7392397663462362,Medium,1.0,,0.0,Yes
27.0,Female,Local,3.7238542800086574,70.09772026904938,3.1562672398904117,Medium,0.0,0.0,1.0,No
26.0,Female,Regional,3.821361379933772,57.92316024024339,-5.956470854213146,Medium,,0.0,,Yes
21.0,Male,Regional,4.1645762650662155,41.635526455659516,,,0.0,0.0,0.0,Yes
28.0,Female,National,3.598260584850735,56.86465114070962,3.3647856998655366,Low,0.0,1.0,0.0,No
18.0,Male,Local,3.854501878794256,47.2421931868605,3.45165091016504,Low,0.0,0.0,0.0,No
,Female,Local,3.4551321528563865,51.29214825292916,3.388923126202414,Low,1.0,,1.0,No
,Female,Local,4.220058607724736,68.82867606630914,3.0627064768786743,Medium,0.0,1.0,0.0,No
26.0,Male,National,3.161803848970365,85.0485675652711,2.8618631057848716,Low,0.0,1.0,0.0,No
19.0,Male,National,4.400470216455408,65.92007294734472,2.894108701442542,Low,0.0,0.0,1.0,Yes
18.0,Male,Regional,3.4799210246778283,42.06175406947224,2.8635642037531235,Medium,0.0,1.0,0.0,No
25.0,Female,Regional,2.784612448940976,66.66904002330212,3.793639067806945,High,0.0,0.0,0.0,No
18.0,Male,Regional,3.5640522074553944,77.94947229968477,3.4154897055966034,,0.0,1.0,0.0,Yes
18.0,Female,Local,3.1594741712625596,50.85325643520927,0.9417279557350038,Low,0.0,0.0,0.0,Yes
19.0,Female,,3.920321774494362,57.989742499906235,3.459130543570833,Low,0.0,1.0,1.0,Yes
22.0,Male,Regional,3.1736880103488048,,3.1363153363031424,High,0.0,1.0,1.0,Yes
19.0,Male,Local,3.27690828339261,48.2265253037664,2.986903870487872,Low,0.0,0.0,0.0,No
24.0,Female,Regional,2.5552296345272345,69.72420650765788,2.72803708283778,Low,1.0,0.0,0.0,Yes
16.0,Female,National,3.2738468403754615,58.18577777088328,3.7868789039902095,Medium,0.0,1.0,1.0,No
23.0,Male,,2.288060336685522,66.29298665860541,3.6632685234860003,Medium,0.0,0.0,0.0,No
,Male,National,2.7080485882571383,46.6876173329685,2.458985632523474,Medium,0.0,1.0,0.0,Yes
17.0,Male,Local,3.8802073280721485,53.438125495148846,3.2849366009871748,Low,1.0,0.0,1.0,Yes
23.0,,Regional,3.892900079325416,70.83572036741657,2.3198402858211,Low,0.0,0.0,0.0,Yes
16.0,Male,Local,3.7127287808924825,54.4075027186235,2.0342672846477488,High,0.0,1.0,0.0,Yes
26.0,Female,National,3.0165119284353934,85.90445776850108,2.5612979427870246,Low,1.0,1.0,0.0,No
27.0,Female,National,3.4761443219290102,54.005457215780964,3.603675430667931,Medium,1.0,1.0,1.0,No
24.0,Female,National,3.4981987304547157,63.37027088627829,3.6671875317632607,Medium,0.0,0.0,0.0,No
24.0,Female,Local,2.9208176554037286,73.98886247809635,3.359159794068105,Medium,0.0,1.0,0.0,No
17.0,Male,Local,4.251699150883575,38.724514006004526,3.507567050793598,Low,1.0,0.0,0.0,Yes
22.0,Male,Local,3.938681145287836,33.587867820288366,3.361324800980471,Low,1.0,1.0,0.0,Yes
29.0,Male,Local,3.389517913085168,37.11515528144858,2.5509628833439333,Medium,1.0,1.0,0.0,No
25.0,Female,National,,78.93876155140774,3.3023457812717583,High,0.0,0.0,0.0,Yes
18.0,Female,National,3.6041914039737764,,3.5602866676593776,High,0.0,0.0,0.0,No
22.0,Male,Regional,2.4791325657878547,98.37298928502378,3.528003930869502,Low,0.0,0.0,0.0,Yes
27.0,Male,Regional,3.3764113087397014,51.53628602013917,3.8322393600322497,Low,1.0,1.0,1.0,Yes
25.0,Female,Local,3.159007876001101,62.768269547955555,3.4958126930407447,High,0.0,0.0,0.0,Yes
24.0,Female,National,2.999189995052542,83.13164928851813,3.2460137452791082,Medium,,1.0,1.0,No
19.0,Male,National,3.3594498535570225,90.09139332238684,3.749105166821499,High,1.0,0.0,0.0,Yes
27.0,Male,National,4.398843263424761,90.92255364954596,2.981435118525658,Low,0.0,1.0,0.0,No
16.0,Female,Regional,3.820421430633505,78.12549345889714,,Medium,1.0,1.0,0.0,Yes
17.0,Male,Regional,3.2144105051086016,75.36093788717193,2.885853125239365,Medium,0.0,0.0,0.0,No
16.0,Male,National,3.7862913906780795,68.88790423801774,2.478568148635486,Medium,0.0,0.0,1.0,Yes
29.0,Male,National,4.199677718293001,71.67541614249957,2.5273752075179328,Medium,0.0,0.0,0.0,No
27.0,Female,National,3.9623168414563845,51.732214255071995,2.8988369304991375,Low,1.0,1.0,0.0,Yes
20.0,Female,Regional,3.529815184960087,47.72701674866539,2.445306055300027,Medium,0.0,1.0,0.0,Yes
20.0,Female,National,3.176531611147213,59.94938313883572,2.784426929252672,Low,,0.0,0.0,Yes
26.0,Female,National,3.849111656806795,57.447230662126074,1.6744697331323501,Medium,1.0,1.0,0.0,Yes
22.0,Female,Local,3.696742692710875,53.201579260090874,3.149305595161057,High,0.0,,0.0,Yes
24.0,Female,,3.947596610013866,70.44581171185072,3.000843832753557,Low,0.0,0.0,0.0,No
24.0,Female,Regional,3.8175859008409847,74.32957812855766,2.4280379582522666,High,0.0,1.0,0.0,Yes
18.0,Male,National,4.024776357659667,61.32610329437771,3.4614719679026837,Low,0.0,0.0,0.0,Yes
18.0,,National,3.232382394219716,82.16295121582893,3.656299096338591,Medium,0.0,0.0,0.0,Yes
18.0,Male,Local,4.158697032817162,42.87466328799742,1.874708094941718,High,0.0,0.0,0.0,No
19.0,Male,Regional,3.5987998023462,57.095108110804226,2.46609265500365,Low,0.0,0.0,0.0,Yes
23.0,Male,Local,4.537630436312632,49.247665190957925,2.4616003551488914,Low,0.0,0.0,0.0,Yes
21.0,Male,Local,3.155406090955216,32.0019507439041,2.3420678292237946,Medium,0.0,0.0,0.0,Yes
23.0,Male,Local,4.367981901582625,58.75978971235951,3.580632389352224,Low,0.0,,0.0,No
16.0,Female,Local,3.598955391731324,58.17378737425075,2.8643217028590375,Medium,0.0,0.0,0.0,Yes
23.0,Female,National,3.1742909981927756,82.70174614863197,2.8148396110825726,High,0.0,,1.0,Yes
19.0,Male,National,3.2580570829728392,69.46217526832166,1.5972963449152726,Medium,0.0,0.0,0.0,Yes
26.0,,Local,3.33982634590284,44.63719763506192,3.4447926211464583,Low,0.0,0.0,0.0,Yes
16.0,Female,Regional,3.712082973200958,87.81138849501282,2.1325191236025693,Medium,0.0,1.0,1.0,
23.0,Male,Regional,3.76141774401775,78.31550543288029,3.0419528411864296,Medium,1.0,1.0,1.0,Yes
19.0,Male,Regional,3.2131499980307106,68.73146555202923,3.194163856570734,Low,0.0,0.0,0.0,No
21.0,Female,Regional,,56.60273851725252,3.9524610170870558,Medium,1.0,1.0,1.0,No
23.0,Male,Local,4.571135179305932,45.6084114491478,2.0838257206166215,Medium,1.0,0.0,0.0,Yes
19.0,Female,National,4.363771585050356,344.0,0.8863414909254224,Medium,0.0,0.0,0.0,Yes
29.0,Male,Regional,3.7181618348370162,76.33122929556279,3.128694681327586,Low,0.0,0.0,0.0,No
18.0,Female,Local,3.5190017390841,88.26879458901914,4.2603578270575975,Medium,0.0,,0.0,Yes
29.0,Female,Regional,3.5600156633591307,83.14865292408284,3.8672624470576062,Low,1.0,0.0,0.0,
24.0,Female,Regional,3.8067589863652085,52.667258673205886,3.146761590692238,Low,0.0,1.0,0.0,Yes
18.0,Male,Local,,43.205738500664836,2.655854670057567,High,0.0,0.0,0.0,Yes
,Female,National,3.3713117312883276,62.113293703668056,3.564985817646117,Medium,0.0,1.0,,No
28.0,Male,National,2.6657079630612053,33.473409516557226,2.318517660206872,Low,1.0,0.0,1.0,Yes
17.0,Male,Local,3.6996115613026395,64.84751571277172,,Low,1.0,0.0,0.0,Yes
29.0,Male,National,3.8235979698513707,57.78596120551997,3.3538291114166388,Low,,1.0,1.0,No
17.0,Male,Local,3.258406768850313,53.00945247197637,3.742146935249216,Low,0.0,0.0,1.0,Yes
17.0,Female,Local,4.286993381645017,36.07945399099807,4.931762027237754,Low,0.0,0.0,0.0,Yes
21.0,Female,Local,2.8871171684988295,67.70400159854574,3.274691177025137,Low,0.0,1.0,0.0,No
18.0,Male,National,2.76781255989509,52.009487405071326,2.643725462004751,Medium,1.0,1.0,0.0,Yes
28.0,Male,Local,3.612225909279986,42.451247464345684,2.982097981465604,Medium,0.0,1.0,1.0,No
24.0,,Regional,4.023549151306077,16.916066800775262,1.7616468665776173,Medium,0.0,1.0,0.0,Yes
19.0,,National,4.341963845728935,59.58727642424046,2.513700808237659,Medium,0.0,1.0,0.0,No
16.0,Female,National,3.27055786856553,86.58377395004617,2.7135022933208273,Low,1.0,,0.0,Yes
19.0,Male,National,4.039340416715648,84.91888821821806,2.633138121445785,,1.0,0.0,0.0,Yes
16.0,Male,National,,53.14355615120592,3.106648410423605,High,0.0,0.0,0.0,No
29.0,Female,Regional,3.41368635002959,50.966819094573296,2.42430604733246,High,1.0,0.0,0.0,Yes
20.0,Male,National,3.941829968743336,67.03161384112536,3.78472146712713,High,0.0,0.0,0.0,No
19.0,Female,National,3.82616143920671,45.02421841217563,3.000144945442738,High,0.0,1.0,1.0,No
23.0,Male,Local,2.711803921507875,,2.99348977520297,Medium,0.0,1.0,1.0,No
23.0,Male,National,4.238270174862948,71.49120417577035,2.7704736984409575,Low,0.0,0.0,0.0,Yes
22.0,Male,Regional,4.1900456770737255,78.40399835826462,3.1086334787012855,Medium,0.0,0.0,1.0,No
18.0,Female,Regional,3.1872186492452355,58.49768885280071,3.5775687852673443,Medium,1.0,1.0,0.0,No
16.0,Male,Regional,3.6979017667187044,,2.3930088490023698,Medium,0.0,0.0,0.0,Yes
16.0,Male,Regional,3.7470150931413695,46.830261198651584,2.5393184576473202,Medium,0.0,1.0,0.0,Yes
27.0,Male,National,3.6303368829119536,47.5967946894021,2.7873917798563346,Low,0.0,0.0,1.0,No
26.0,Male,National,3.22484742307729,56.602816621477096,2.05789035356875,Low,0.0,0.0,1.0,Yes
18.0,Female,Regional,3.164188316030974,65.51048260224267,2.426519498194952,,1.0,0.0,0.0,Yes
21.0,Female,Regional,3.4872229645042774,73.70376939349875,2.666645388518739,,0.0,0.0,1.0,No
22.0,Male,National,4.086364509629682,47.95231573979483,3.6120724264989095,Medium,0.0,1.0,0.0,
21.0,Female,Regional,3.771800077297216,82.39032853439282,3.1837929303013475,Low,1.0,1.0,0.0,No
29.0,Male,Local,3.314692833956947,55.93314598436147,-5.956470854213146,Low,0.0,1.0,0.0,No
29.0,Male,Regional,3.885849355324172,59.67949058477346,3.5956285735175806,,0.0,0.0,0.0,Yes
21.0,Male,Regional,2.0757286896849623,48.79182481278265,2.9038397481204226,Medium,0.0,0.0,0.0,
21.0,Female,Local,4.074382850186051,23.636396095905873,3.2733253949502226,Medium,0.0,1.0,1.0,No
28.0,Female,Local,2.63014311061095,73.26068094541574,2.9277447729472525,Medium,1.0,1.0,0.0,No
18.0,Female,National,3.318779529298434,71.0526584563865,3.18575364457974,Medium,1.0,0.0,,No
21.0,Female,National,,55.780086643226795,,Low,0.0,0.0,0.0,No
23.0,Female,Local,2.852659262139547,61.00486075837308,1.2928279892064998,Medium,1.0,1.0,0.0,Yes
26.0,Female,Local,4.08041339368926,67.73908826556149,2.906004586469587,Medium,0.0,0.0,1.0,No
26.0,Female,National,3.2661493993440542,36.56181214670186,-5.956470854213146,Medium,0.0,0.0,0.0,Yes
17.0,Female,Regional,3.6732519408653577,52.06420983980558,3.6483507815691145,Medium,0.0,0.0,0.0,No
20.0,,Local,3.476539710560408,71.9139701943274,3.6757782392138196,High,0.0,0.0,1.0,No
29.0,Male,National,3.738520413611561,,3.8652915052643526,Low,0.0,1.0,0.0,Yes
16.0,Female,,,64.40336898249944,3.062060313673006,High,0.0,1.0,0.0,No
27.0,Female,Local,2.858503887905715,39.65127293064893,3.138120995183917,Low,1.0,0.0,0.0,Yes
16.0,Female,Regional,3.99813340972357,66.9964497365029,2.567643673195955,Medium,0.0,0.0,0.0,No
20.0,Female,National,3.253121708419344,59.465377765537745,2.7787490007810653,Low,0.0,0.0,0.0,Yes
27.0,Female,Local,2.7217090506701247,35.77302276141736,3.431039804839799,Low,0.0,0.0,0.0,Yes
28.0,Female,Regional,3.2859424195170437,77.47109031685757,3.8427191060181713,Medium,0.0,0.0,1.0,No
18.0,Female,Local,4.250379895317155,48.981126348029264,2.9023876070233,Low,0.0,1.0,1.0,Yes
19.0,Female,Regional,3.9251108710567464,47.84621344478428,2.684867514604012,Medium,0.0,0.0,0.0,Yes
18.0,,National,3.3256739327960703,63.008537958464146,3.000369571199618,High,1.0,0.0,0.0,No
16.0,Female,National,3.3253711478407855,77.22956024143073,3.4208447242503803,Low,0.0,,1.0,Yes
16.0,Female,Local,3.3391824743913086,44.762672715324044,1.9893016287065208,Medium,0.0,0.0,0.0,No
27.0,Male,Regional,4.5383739917804204,60.92519774771957,1.3926733328039334,,0.0,0.0,0.0,Yes
27.0,Male,Local,3.6909677261157765,,2.6146242053558915,Medium,0.0,0.0,0.0,No
29.0,Female,Local,3.715020823595535,70.39658410894717,2.1455013018600892,Low,0.0,1.0,1.0,Yes
28.0,,Regional,4.015141727015921,62.64662332915838,2.6443018616468823,Low,1.0,0.0,0.0,Yes
29.0,Male,Regional,3.6193945795132567,54.494582413750166,2.89655377682777,Low,0.0,0.0,0.0,No
20.0,Female,Regional,3.3704789270896485,47.5861466902692,2.6827261136838905,Low,0.0,1.0,0.0,Yes
,Male,National,3.401825075457511,61.292158245695624,4.016727274129522,Low,0.0,1.0,1.0,No
18.0,Male,Local,3.464199370292968,43.9179148202159,3.228721335221624,Medium,0.0,0.0,0.0,No
27.0,Male,Local,3.481388881745079,16.17974274758089,3.2103320517275797,High,0.0,1.0,1.0,No
24.0,Male,National,,66.54839706236501,3.4355450008303814,High,1.0,0.0,0.0,Yes
20.0,Male,Regional,3.5259729429036497,73.55902261629294,2.2028168175534617,,0.0,0.0,0.0,No
23.0,Female,,3.86632003860779,24.55601346687242,3.727378251194188,Low,1.0,0.0,0.0,No
28.0,Male,National,3.459641709945709,44.854039429350934,2.946964999425178,Low,0.0,1.0,0.0,No
16.0,,National,3.539317595158045,69.28731391507796,3.469336432068849,Low,1.0,1.0,1.0,Yes
29.0,Female,Local,2.500899657733946,90.86243204567548,-5.956470854213146,Low,,0.0,0.0,Yes
20.0,Male,National,3.9581638373512407,60.31190561513112,1.912368863788755,,0.0,0.0,0.0,Yes
18.0,Male,Local,3.6732442379489965,49.07995588156298,,Medium,0.0,1.0,0.0,No
27.0,Female,Local,,344.0,3.2634866682682615,Low,1.0,,0.0,
16.0,Male,Local,2.051872310903155,80.62314628722277,2.368563911949743,Low,0.0,0.0,0.0,Yes
,Male,Regional,4.544187352390364,50.310537313131974,2.391235843107714,,0.0,1.0,0.0,Yes
28.0,Female,Local,3.430205185922413,48.0121199002462,3.7878043490903384,Medium,0.0,1.0,1.0,No
20.0,Female,Local,4.054091408368758,52.758847167269515,2.1674116749928705,Low,1.0,1.0,0.0,
22.0,Male,Regional,2.9800470364372345,45.70007087611931,4.149871067279174,High,0.0,1.0,,No
,Female,Local,3.806386952531285,61.84005473992193,2.369565485746492,High,1.0,0.0,0.0,Yes
18.0,Male,National,2.973292218413172,84.3701768770434,3.446874347925868,Low,0.0,1.0,0.0,Yes
17.0,Male,National,3.1881155196520976,64.84618909674043,2.7699670669757106,Low,0.0,1.0,0.0,Yes
24.0,Male,Local,4.457015676933393,56.21469746810568,3.42223120175764,Medium,0.0,0.0,1.0,Yes
25.0,Female,Regional,3.4046587996183266,55.62283096626684,2.6191201985200654,,1.0,0.0,0.0,No
21.0,Female,National,3.6087164365898614,36.552137869550144,2.8860449657493943,,0.0,0.0,,No
25.0,Female,Regional,3.9350338653443773,73.24664665720738,3.0286434227770047,Low,1.0,0.0,,Yes
18.0,,Regional,3.7478409439863025,58.83244204480797,2.298468780952969,Low,0.0,1.0,1.0,
,Female,National,,57.29280129614062,3.518577041794088,Medium,0.0,1.0,0.0,No
,Male,Regional,3.6824805012331128,100.0,2.6407505034698904,Medium,0.0,0.0,0.0,No
,Male,National,4.701707792619137,64.48129362548529,2.839980059261987,Low,0.0,0.0,,No
17.0,Male,Regional,3.4711906014832072,48.72313424857224,2.303955437774041,High,1.0,1.0,0.0,Yes
21.0,Male,National,3.6005495233574836,53.60463605691685,1.2063664388432829,Medium,1.0,0.0,0.0,No
22.0,Female,,4.025327198003806,77.22668563795132,2.866280566179882,High,1.0,0.0,0.0,Yes
17.0,Male,National,4.052762966478992,,4.688830795129041,High,1.0,0.0,0.0,No
26.0,Female,National,4.09351515278019,38.4258303252395,3.549223001528617,Medium,0.0,0.0,0.0,No
25.0,Male,National,3.8193651110145925,73.78843401862805,2.9865177341859237,Medium,,0.0,1.0,Yes
17.0,Female,National,2.9284975436347582,49.97783871691509,2.8159764195542127,Medium,1.0,0.0,0.0,No
25.0,Female,Regional,,344.0,3.0157261249684324,Low,0.0,0.0,0.0,
16.0,Male,Local,,76.20072098571973,3.382983380622647,Medium,1.0,0.0,0.0,No
23.0,Male,National,3.6513177326195168,53.29017156511873,2.1734310292838086,Low,1.0,0.0,0.0,Yes
16.0,Male,Regional,3.122862074990321,79.2152454260267,3.7800251862682104,Medium,0.0,0.0,0.0,Yes
24.0,Male,Local,3.467930826703504,61.01783265791105,3.500766920808871,Low,,1.0,0.0,No
26.0,Female,Local,3.66438120515174,72.79160512683329,,Low,0.0,1.0,0.0,No
21.0,Male,,3.6606786077251368,67.27099225941713,,Low,0.0,0.0,0.0,No
22.0,Male,Local,3.7109603771176425,47.3046501751369,3.013731660385793,Low,0.0,0.0,1.0,Yes
28.0,Female,National,4.306855634529324,50.346752515238066,,Medium,,1.0,,No
25.0,Male,National,3.7267671507569897,75.44941226371742,3.4142698936189646,Medium,0.0,0.0,,No
22.0,Male,Regional,3.3779216823546756,,2.7521715023412834,Medium,0.0,0.0,0.0,No
25.0,Male,Regional,3.982043584144179,53.94527305137005,2.598478758972169,Low,1.0,1.0,0.0,No
18.0,Male,Regional,4.094735244462321,45.673161309759706,3.0712994066833907,Low,1.0,1.0,0.0,Yes
17.0,Male,Local,2.8861960924315038,66.35398598390192,4.084314106046631,Low,0.0,1.0,0.0,No
24.0,Female,Local,3.798700034924929,90.93787378864718,2.1326250470422696,Low,,0.0,0.0,Yes
23.0,Male,National,3.8505863711554493,43.9870062861859,1.972732313973292,High,1.0,1.0,0.0,Yes
28.0,Male,Local,3.351218248320004,60.36329185009137,3.1153325888655616,Low,0.0,0.0,1.0,No
27.0,Male,Local,4.18785340665581,81.18330833123144,3.0356213912992125,Low,0.0,1.0,1.0,No
25.0,Male,Local,3.4249722064837367,58.805379131314275,3.1213391650592857,Low,0.0,0.0,0.0,Yes
22.0,Male,Regional,3.5627882267357713,66.78557694374601,3.17076723853595,Low,0.0,0.0,0.0,No
24.0,Female,Regional,3.413464087858065,44.0640970777968,2.8437584217556364,Medium,0.0,1.0,0.0,No
19.0,Male,National,3.5077895237907337,66.42460645811472,4.0429044070214575,Medium,1.0,0.0,0.0,Yes
28.0,Female,Local,2.951862456552399,57.192836024931765,1.8793672150664391,Low,0.0,0.0,0.0,Yes
19.0,Female,Local,2.779974558702853,74.78594993519795,,Low,0.0,1.0,1.0,Yes
16.0,Male,National,4.297252531612486,77.81079077347127,2.927721667895667,Low,0.0,0.0,,Yes
,Male,Local,3.0765193258408363,98.84345463027921,1.849767832192083,Low,0.0,0.0,0.0,Yes
29.0,Male,Local,3.0043038252718466,68.69449759820364,2.87690191689755,Low,0.0,0.0,0.0,No
29.0,Male,,2.4233049431981426,64.8869447487325,4.1630291160096125,High,1.0,1.0,0.0,No
,Female,National,3.180519126155249,62.91576452366004,3.014620541807173,Medium,1.0,1.0,0.0,No
18.0,Male,National,2.838455103296251,54.702505607839676,3.1614906340030786,Medium,0.0,0.0,,No
22.0,Male,National,4.321007580068184,65.07725765192536,2.117884664379194,Medium,,1.0,0.0,Yes
27.0,Male,National,4.004908544671317,344.0,2.5685470143723657,Medium,,0.0,0.0,No
17.0,Male,Regional,3.155924827411138,62.52691464404421,2.7373625337732443,Medium,1.0,1.0,,No
17.0,Male,Regional,4.626217902672154,79.7639630341194,2.777599432270636,Medium,0.0,0.0,1.0,Yes
22.0,Male,Local,3.990882743495797,44.90186152080538,3.897150656502638,Medium,0.0,0.0,0.0,No
21.0,Female,Local,3.3375843082456886,77.09817841693568,3.3903837425075873,Low,0.0,,0.0,Yes
18.0,Female,Local,2.2502971425632134,79.75672601009798,2.221979430144078,Medium,0.0,0.0,0.0,Yes
24.0,Male,Local,4.645471286295371,58.22897209513382,3.1725533449024033,Medium,0.0,0.0,0.0,Yes
25.0,Male,Regional,2.805213766618202,28.172176514871083,3.3487552239477494,High,0.0,0.0,0.0,No
29.0,Male,National,2.677300626521554,50.882670193583515,3.7981043269648866,Medium,1.0,1.0,1.0,No
28.0,Female,Regional,4.01128521600482,79.45491819841664,4.106378480597861,Medium,1.0,0.0,0.0,No
,Male,,4.719876203169637,59.656979065516765,,Low,1.0,0.0,0.0,Yes
